Nombre de equipo,Destino de directiva,Subcategoría,GUID de subcategoría,Configuración de inclusión,Configuración de exclusión,Valor de configuración
,Sistema,Auditar administración de grupos de aplicaciones,{0cce9239-69ae-11d9-bed3-505054503030},Aciertos y errores,,3
,Sistema,Auditar administración de grupos de seguridad,{0cce9237-69ae-11d9-bed3-505054503030},Aciertos y errores,,3
,Sistema,Auditar administración de cuentas de usuario,{0cce9235-69ae-11d9-bed3-505054503030},Aciertos y errores,,3
,Sistema,Auditar bloqueo de cuentas,{0cce9217-69ae-11d9-bed3-505054503030},Aciertos y errores,,3
,Sistema,Auditar inicio de sesión especial,{0cce921b-69ae-11d9-bed3-505054503030},Aciertos y errores,,3
,Sistema,Auditar recurso compartido de archivos detallado,{0cce9244-69ae-11d9-bed3-505054503030},Aciertos y errores,,3
,Sistema,Auditar recurso compartido de archivos,{0cce9224-69ae-11d9-bed3-505054503030},Aciertos y errores,,3
,Sistema,Auditar otros eventos de acceso a objetos,{0cce9227-69ae-11d9-bed3-505054503030},Aciertos y errores,,3
,Sistema,Auditar almacenamiento extraíble,{0cce9245-69ae-11d9-bed3-505054503030},Aciertos y errores,,3
,Sistema,Auditar cambio de directiva de auditoría,{0cce922f-69ae-11d9-bed3-505054503030},Aciertos y errores,,3
,Sistema,Auditar cambio de directiva de autenticación,{0cce9230-69ae-11d9-bed3-505054503030},Aciertos y errores,,3
,Sistema,Auditar cambio de directiva de autorización,{0cce9231-69ae-11d9-bed3-505054503030},Aciertos y errores,,3
,Sistema,Auditar cambio de directiva del nivel de reglas de MPSSVC,{0cce9232-69ae-11d9-bed3-505054503030},Aciertos y errores,,3
,Sistema,Auditar otros eventos de cambio de directiva,{0cce9234-69ae-11d9-bed3-505054503030},Aciertos y errores,,3
,Sistema,Auditar uso de privilegios confidenciales,{0cce9228-69ae-11d9-bed3-505054503030},Aciertos y errores,,3
,Sistema,Auditar controlador IPsec,{0cce9213-69ae-11d9-bed3-505054503030},Aciertos y errores,,3
,Sistema,Auditar otros eventos del sistema,{0cce9214-69ae-11d9-bed3-505054503030},Aciertos y errores,,3
