<?xml version="1.0" encoding="utf-8"?><!-- Copyright (c) Microsoft Corporation.  All rights reserved. --><GroupPolicyBackupScheme bkp:version="2.0" bkp:type="GroupPolicyBackupTemplate" xmlns:bkp="http://www.microsoft.com/GroupPolicy/GPOOperations" xmlns="http://www.microsoft.com/GroupPolicy/GPOOperations">
    <GroupPolicyObject><SecurityGroups><Group><Sid/><SamAccountName><![CDATA[Administradores]]></SamAccountName><Type><![CDATA[Unknown]]></Type><NetBIOSDomainName/><DnsDomainName/><UPN/></Group><Group><Sid/><SamAccountName><![CDATA[Usuarios autentificados]]></SamAccountName><Type><![CDATA[Unknown]]></Type><NetBIOSDomainName/><DnsDomainName/><UPN/></Group><Group><Sid/><SamAccountName><![CDATA[Operadores de copia de seguridad]]></SamAccountName><Type><![CDATA[Unknown]]></Type><NetBIOSDomainName/><DnsDomainName/><UPN/></Group><Group bkp:Source="FromDACL"><Sid><![CDATA[S-1-5-21-904765017-3035456977-944121015-512]]></Sid><SamAccountName><![CDATA[Admins. del dominio]]></SamAccountName><Type><![CDATA[GlobalGroup]]></Type><NetBIOSDomainName><![CDATA[CMOMPIA]]></NetBIOSDomainName><DnsDomainName><![CDATA[cmompia.local]]></DnsDomainName><UPN><![CDATA[Admins. del dominio@cmompia.local]]></UPN></Group><Group bkp:Source="FromDACL"><Sid><![CDATA[S-1-5-21-904765017-3035456977-944121015-519]]></Sid><SamAccountName><![CDATA[Administradores de empresas]]></SamAccountName><Type><![CDATA[UniversalGroup]]></Type><NetBIOSDomainName><![CDATA[CMOMPIA]]></NetBIOSDomainName><DnsDomainName><![CDATA[cmompia.local]]></DnsDomainName><UPN><![CDATA[Administradores de empresas@cmompia.local]]></UPN></Group><Group bkp:Source="FromDACL"><Sid><![CDATA[S-1-5-21-904765017-3035456977-944121015-4332]]></Sid><SamAccountName><![CDATA[GL_CIS_HARDENING_WS_2016]]></SamAccountName><Type><![CDATA[LocalGroup]]></Type><NetBIOSDomainName><![CDATA[CMOMPIA]]></NetBIOSDomainName><DnsDomainName><![CDATA[cmompia.local]]></DnsDomainName><UPN><![CDATA[GL_CIS_HARDENING_WS_2016@cmompia.local]]></UPN></Group><Group bkp:Source="FromDACL"><Sid><![CDATA[S-1-5-21-904765017-3035456977-944121015-4397]]></Sid><SamAccountName><![CDATA[GL_CIS_HARDERING_WS_2016_EX_1]]></SamAccountName><Type><![CDATA[GlobalGroup]]></Type><NetBIOSDomainName><![CDATA[CMOMPIA]]></NetBIOSDomainName><DnsDomainName><![CDATA[cmompia.local]]></DnsDomainName><UPN><![CDATA[GL_CIS_HARDERING_WS_2016_EX_1@cmompia.local]]></UPN></Group></SecurityGroups><FilePaths/><GroupPolicyCoreSettings><ID><![CDATA[{A1C807FB-2B6A-48C8-86B8-B821BFBAA3DC}]]></ID><Domain><![CDATA[cmompia.local]]></Domain><SecurityDescriptor>01 00 04 9c 00 00 00 00 00 00 00 00 00 00 00 00 14 00 00 00 04 00 68 01 0a 00 00 00 05 02 38 00 00 01 00 00 01 00 00 00 8f fd ac ed b3 ff d1 11 b4 1d 00 a0 c9 68 f9 39 01 05 00 00 00 00 00 05 15 00 00 00 59 9e ed 35 d1 65 ed b4 b7 24 46 38 2d 11 00 00 05 02 38 00 00 01 00 00 01 00 00 00 8f fd ac ed b3 ff d1 11 b4 1d 00 a0 c9 68 f9 39 01 05 00 00 00 00 00 05 15 00 00 00 59 9e ed 35 d1 65 ed b4 b7 24 46 38 ec 10 00 00 00 00 24 00 ff 00 0f 00 01 05 00 00 00 00 00 05 15 00 00 00 59 9e ed 35 d1 65 ed b4 b7 24 46 38 00 02 00 00 00 02 24 00 14 00 02 00 01 05 00 00 00 00 00 05 15 00 00 00 59 9e ed 35 d1 65 ed b4 b7 24 46 38 2d 11 00 00 00 02 24 00 14 00 02 00 01 05 00 00 00 00 00 05 15 00 00 00 59 9e ed 35 d1 65 ed b4 b7 24 46 38 ec 10 00 00 00 02 24 00 ff 00 0f 00 01 05 00 00 00 00 00 05 15 00 00 00 59 9e ed 35 d1 65 ed b4 b7 24 46 38 00 02 00 00 00 02 24 00 ff 00 0f 00 01 05 00 00 00 00 00 05 15 00 00 00 59 9e ed 35 d1 65 ed b4 b7 24 46 38 07 02 00 00 00 02 14 00 94 00 02 00 01 01 00 00 00 00 00 05 09 00 00 00 00 02 14 00 ff 00 0f 00 01 01 00 00 00 00 00 05 12 00 00 00 00 0a 14 00 ff 00 0f 00 01 01 00 00 00 00 00 03 00 00 00 00</SecurityDescriptor><DisplayName><![CDATA[GL_CIS_HARDENING_WS_2016_EX_1]]></DisplayName><Options><![CDATA[0]]></Options><UserVersionNumber><![CDATA[524296]]></UserVersionNumber><MachineVersionNumber><![CDATA[15139047]]></MachineVersionNumber><MachineExtensionGuids><![CDATA[[{35378EAC-683F-11D2-A89A-00C04FBBCFA2}{D02B1F72-3407-48AE-BA88-E8213C6761F1}][{827D319E-6EAC-11D2-A4EA-00C04F79F83A}{803E14A0-B4FB-11D0-A0D0-00A0C90F574B}][{F3CCC681-B74C-4060-9F26-CD84525DCA2A}{0F3F3735-573D-9804-99E4-AB2A69BA5FD4}]]]></MachineExtensionGuids><UserExtensionGuids><![CDATA[[{35378EAC-683F-11D2-A89A-00C04FBBCFA2}{D02B1F73-3407-48AE-BA88-E8213C6761F1}]]]></UserExtensionGuids><WMIFilter/></GroupPolicyCoreSettings> 
        <GroupPolicyExtension bkp:ID="{35378EAC-683F-11D2-A89A-00C04FBBCFA2}" bkp:DescName="Registry">
            <FSObjectFile bkp:Path="%GPO_MACH_FSPATH%\registry.pol" bkp:SourceExpandedPath="\\SVR-DC1.cmompia.local\sysvol\cmompia.local\Policies\{A1C807FB-2B6A-48C8-86B8-B821BFBAA3DC}\Machine\registry.pol" bkp:Location="DomainSysvol\GPO\Machine\registry.pol"/>
            <FSObjectFile bkp:Path="%GPO_USER_FSPATH%\registry.pol" bkp:SourceExpandedPath="\\SVR-DC1.cmompia.local\sysvol\cmompia.local\Policies\{A1C807FB-2B6A-48C8-86B8-B821BFBAA3DC}\User\registry.pol" bkp:Location="DomainSysvol\GPO\User\registry.pol"/>
            <FSObjectFile bkp:Path="%GPO_FSPATH%\Adm\*.*" bkp:SourceExpandedPath="\\SVR-DC1.cmompia.local\sysvol\cmompia.local\Policies\{A1C807FB-2B6A-48C8-86B8-B821BFBAA3DC}\Adm\*.*"/>
        </GroupPolicyExtension>
        
        
        
        
        <GroupPolicyExtension bkp:ID="{827D319E-6EAC-11D2-A4EA-00C04F79F83A}" bkp:DescName="Security">
            <FSObjectFile bkp:Path="%GPO_MACH_FSPATH%\microsoft\windows nt\SecEdit\GptTmpl.inf" bkp:SourceExpandedPath="\\SVR-DC1.cmompia.local\sysvol\cmompia.local\Policies\{A1C807FB-2B6A-48C8-86B8-B821BFBAA3DC}\Machine\microsoft\windows nt\SecEdit\GptTmpl.inf" bkp:ReEvaluateFunction="SecurityValidateSettings" bkp:Location="DomainSysvol\GPO\Machine\microsoft\windows nt\SecEdit\GptTmpl.inf"/>
        </GroupPolicyExtension>
        
        
        
        
    <GroupPolicyExtension bkp:ID="{F15C46CD-82A0-4C2D-A210-5D0D3182A418}" bkp:DescName="Unknown Extension"><FSObjectDir bkp:Path="%GPO_MACH_FSPATH%\Applications" bkp:SourceExpandedPath="\\SVR-DC1.cmompia.local\sysvol\cmompia.local\Policies\{A1C807FB-2B6A-48C8-86B8-B821BFBAA3DC}\Machine\Applications" bkp:Location="DomainSysvol\GPO\Machine\Applications"/><FSObjectDir bkp:Path="%GPO_MACH_FSPATH%\Microsoft" bkp:SourceExpandedPath="\\SVR-DC1.cmompia.local\sysvol\cmompia.local\Policies\{A1C807FB-2B6A-48C8-86B8-B821BFBAA3DC}\Machine\Microsoft" bkp:Location="DomainSysvol\GPO\Machine\Microsoft"/><FSObjectDir bkp:Path="%GPO_MACH_FSPATH%\Microsoft\Windows NT" bkp:SourceExpandedPath="\\SVR-DC1.cmompia.local\sysvol\cmompia.local\Policies\{A1C807FB-2B6A-48C8-86B8-B821BFBAA3DC}\Machine\Microsoft\Windows NT" bkp:Location="DomainSysvol\GPO\Machine\Microsoft\Windows NT"/><FSObjectDir bkp:Path="%GPO_MACH_FSPATH%\Microsoft\Windows NT\Audit" bkp:SourceExpandedPath="\\SVR-DC1.cmompia.local\sysvol\cmompia.local\Policies\{A1C807FB-2B6A-48C8-86B8-B821BFBAA3DC}\Machine\Microsoft\Windows NT\Audit" bkp:Location="DomainSysvol\GPO\Machine\Microsoft\Windows NT\Audit"/><FSObjectFile bkp:Path="%GPO_MACH_FSPATH%\Microsoft\Windows NT\Audit\audit.csv" bkp:SourceExpandedPath="\\SVR-DC1.cmompia.local\sysvol\cmompia.local\Policies\{A1C807FB-2B6A-48C8-86B8-B821BFBAA3DC}\Machine\Microsoft\Windows NT\Audit\audit.csv" bkp:Location="DomainSysvol\GPO\Machine\Microsoft\Windows NT\Audit\audit.csv"/><FSObjectDir bkp:Path="%GPO_MACH_FSPATH%\Microsoft\Windows NT\SecEdit" bkp:SourceExpandedPath="\\SVR-DC1.cmompia.local\sysvol\cmompia.local\Policies\{A1C807FB-2B6A-48C8-86B8-B821BFBAA3DC}\Machine\Microsoft\Windows NT\SecEdit" bkp:Location="DomainSysvol\GPO\Machine\Microsoft\Windows NT\SecEdit"/><FSObjectDir bkp:Path="%GPO_MACH_FSPATH%\Scripts" bkp:SourceExpandedPath="\\SVR-DC1.cmompia.local\sysvol\cmompia.local\Policies\{A1C807FB-2B6A-48C8-86B8-B821BFBAA3DC}\Machine\Scripts" bkp:Location="DomainSysvol\GPO\Machine\Scripts"/><FSObjectDir bkp:Path="%GPO_MACH_FSPATH%\Scripts\Shutdown" bkp:SourceExpandedPath="\\SVR-DC1.cmompia.local\sysvol\cmompia.local\Policies\{A1C807FB-2B6A-48C8-86B8-B821BFBAA3DC}\Machine\Scripts\Shutdown" bkp:Location="DomainSysvol\GPO\Machine\Scripts\Shutdown"/><FSObjectDir bkp:Path="%GPO_MACH_FSPATH%\Scripts\Startup" bkp:SourceExpandedPath="\\SVR-DC1.cmompia.local\sysvol\cmompia.local\Policies\{A1C807FB-2B6A-48C8-86B8-B821BFBAA3DC}\Machine\Scripts\Startup" bkp:Location="DomainSysvol\GPO\Machine\Scripts\Startup"/></GroupPolicyExtension></GroupPolicyObject>
</GroupPolicyBackupScheme>