<BackupInst xmlns="http://www.microsoft.com/GroupPolicy/GPOOperations/Manifest"><GPOGuid><![CDATA[{A1C807FB-2B6A-48C8-86B8-B821BFBAA3DC}]]></GPOGuid><GPODomain><![CDATA[cmompia.local]]></GPODomain><GPODomainGuid><![CDATA[{f6f43e7b-419e-492e-a5ea-40c4ff72f1cc}]]></GPODomainGuid><GPODomainController><![CDATA[SVR-DC1.cmompia.local]]></GPODomainController><BackupTime><![CDATA[2025-12-02T15:02:01]]></BackupTime><ID><![CDATA[{ECC49264-DD58-4F45-83B0-F871DB3C4811}]]></ID><Comment><![CDATA[GPO DEL BASTIONADO WINDOWS SERVER 2016]]></Comment><GPODisplayName><![CDATA[GL_CIS_HARDENING_WS_2016_EX_1]]></GPODisplayName></BackupInst>
